<?xml version="1.0" encoding="utf-8"?>
<!DOCTYPE hibernate-configuration PUBLIC "-//Hibernate/Hibernate Configuration DTD 3.0//EN" "http://hibernate.sourceforge.net/hibernate-configuration-3.0.dtd">
<hibernate-configuration>
    <session-factory>
        <!-- Set URL -->
        <property name = "hibernate.connection.url">jdbc:mysql://localhost:3306/countrydb</property>
        <property name="hibernate.connection.url">jdbc:mysql://localhost:3306/java2novice</property>
        <property name="hibernate.connection.username">root</property>
        <property name="hibernate.connection.password">870pri@&amp;</property>
        <property name="hibernate.dialect">org.hibernate.dialect.MySQL5Dialect</property>
        <property name="show_sql">false</property>
    </session-factory>
</hibernate-configuration>